上节课我们讲解了SQL92标准，在它之后又提出了SQL99标准。现在各大DBMS中对SQL99标准的支持度更好。你一定听说过LEFT JOIN、RIGHT JOIN这样的操作符，这实际上就是SQL99的标准，在SQL92中它们是用（+）代替的。SQL92和SQL99标准原理类似，只是SQL99标准的可读性更强。

今天我就来讲解一下SQL99标准中的连接查询，在今天的课程中你需要重点掌握以下几方面的内容：

1. SQL99标准下的连接查询是如何操作的？
2. SQL99与SQL92的区别是什么？
3. 在不同的DBMS中，使用连接需要注意什么？

## SQL99标准中的连接查询

上一篇文章中，我用NBA球员的数据表进行了举例，包括了三张数据表player、team和height\_grades。

其中player表为球员表，一共有37个球员，如下所示：

![](https://static001.geekbang.org/resource/image/ee/99/ee9b554ecbc296e1a5865b52d4bb3c99.png?wh=896%2A401)  
team表为球队表，一共有3支球队，如下所示：

![](https://static001.geekbang.org/resource/image/aa/75/aa73203c43672b6d3be44748b1556075.png?wh=836%2A239)  
height\_grades表为身高等级表，如下所示：

![](https://static001.geekbang.org/resource/image/4b/37/4b5b2c666705364b793329b728a1ed37.png?wh=870%2A298)  
接下来我们看下在SQL99标准中，是如何进行连接查询的？

### 交叉连接

交叉连接实际上就是SQL92中的笛卡尔乘积，只是这里我们采用的是CROSS JOIN。

我们可以通过下面这行代码得到player和team这两张表的笛卡尔积的结果：
<div><strong>精选留言（30）</strong></div><ul>
<li><img src="https://static001.geekbang.org/account/avatar/00/0f/57/4f/6fb51ff1.jpg" width="30px"><span>奕</span> 👍（67） 💬（4）<div>所有的连接类型，是不是都先对连接的表做笛卡尔，然后在根据条件进行数据筛选的？

对于上一个问题，可能没有表达清楚，我想问的是，各种连接的内部执行步骤，比如先根据连接生成中间表数据，然后在连接类型，on,where进行数据筛选得到数据的步骤</div>2019-07-05</li><br/><li><img src="https://static001.geekbang.org/account/avatar/00/12/90/4e/efaea936.jpg" width="30px"><span>墨禾</span> 👍（36） 💬（5）<div>    跟踪到第四个星期的专栏学习，这里对前面的知识点做个阶段性的总结。首先我自己是个用过mssql、mysql做过项目开发的人，所以我学习这几节课的专栏比较轻松，除了对过去的项目做个复盘提醒之外，还有些新的收获——从纵向广度、横向深度了解sql语言的特点。
-----------------------------------------------------------------------------------------------------
1、纵向广度
几乎每节专栏都会对 mysql 和 oracle 的知识点做对比，让我从不同之中寻找练习，迁移默化之中加强知识迁移的能力，让我在技术不断迭代更新的时代减少一些焦虑感。
-------------------------------------------------------------------------------------------------------
2、横向深度
-- 熟悉了更多的专业术语（如DML、DDL、DQL、TCL、SQL92、SQL99）：之前在实操的时候，只管用，而不管知识属于哪个体系，这样的方法有些粗暴而低效，因为有时候出错的时候，在不理解知识整体结构和专业术语的情况下，难以定位具体的出错点，也就难以检索到对应的解决办法。

-- 理清楚mysql的知识脉络结构，学习一种思维模式：每一节专栏都有对应的思维导图，看完文字听完语音，掌握了知识要点后，可能忽略了知识之间的联系，思维导图可以很清晰地展现知识之间的联系。其实看老师的专栏的结构组织，也就是一种学习【思维模式】，让我逐渐地转变学生思维，一年后，以更为优秀的姿态走向社会。

-- 摆正心态：大步迈进，小步迭代。看到知识点都是自己学过的，有时候会觉得有些亏。 但反过来想，老师这么厉害的人，尚且与我们一起学习基础知识，我有什么理由好高骛远？ 所以我要做到每节课不落地认真做笔记，最重要的还是要多实践，实践方能出真知。</div>2019-07-05</li><br/><li><img src="https://static001.geekbang.org/account/avatar/00/10/0c/0f/93d1c8eb.jpg" width="30px"><span>mickey</span> 👍（30） 💬（7）<div># 编写 SQL 查询语句，查询不同身高级别（对应 height_grades 表）对应的球员数量（对应 player 表）
SELECT h.height_level AS &#39;身高级别&#39;, COUNT(player_id) AS &#39;球员数量&#39;
FROM height_grades as h LEFT JOIN player as p ON height BETWEEN h.height_lowest AND h.height_highest 
GROUP BY height_level;

身高级别    球员数量
---------------------------
A	18
B	14
C	5
D	0</div>2019-07-18</li><br/><li><img src="https://static001.geekbang.org/account/avatar/00/0f/7a/d9/4feb4006.jpg" width="30px"><span>lmingzhi</span> 👍（15） 💬（1）<div>&quot;需要注意的是 MySQL 不支持全外连接，否则的话全外连接会返回左表和右表中的所有行。当表之间有匹配的行，会显示内连接的结果。当某行在另一个表中没有匹配时，那么会把另一个表中选择的列显示为空值。&quot;

请问一下，这里的否则，指的是支持全外连接的数据库吗？</div>2019-07-05</li><br/><li><img src="http://thirdwx.qlogo.cn/mmopen/vi_32/DYAIOgq83epdVawX0B67QUvLhyBAF3criaeVIibGE4E6610KQPbrwZRianEnynlewdhib8JS8zpn8seMULzho6o9gw/132" width="30px"><span>Geek_635558</span> 👍（15） 💬（1）<div>结果相同可以有N种写法，其实很多时候更应该关注查询的效率如何。希望可以详解</div>2019-07-05</li><br/><li><img src="http://thirdwx.qlogo.cn/mmopen/vi_32/E3XKbwTv6WTssolgqZjZCkiazHgl2IdBYfwVfAcB7Ff3krsIQeBIBFQLQE1Kw91LFbl3lic2EzgdfNiciaYDlJlELA/132" width="30px"><span>rike</span> 👍（9） 💬（2）<div>我有一个疑问，在例子上写的很多sql连接查询时，只有join...on关键字，但是没有其他的，但是这种join...on和left join...on的区别是什么？</div>2019-09-01</li><br/><li><img src="http://thirdwx.qlogo.cn/mmopen/vi_32/3hZfficKPGCq2kjFBu9SgaMjibJTEl7iaW1ta6pZNyiaWP8XEsNpunlnsiaOtBpWTXfT5BvRP3qNByml6p9rtBvqewg/132" width="30px"><span>夜路破晓</span> 👍（4） 💬（1）<div>建议多表连接使用SQL99标准.好了本章结束,继续!</div>2019-07-05</li><br/><li><img src="https://static001.geekbang.org/account/avatar/00/17/33/3b/60c30775.jpg" width="30px"><span>Oliver</span> 👍（3） 💬（1）<div>老师好，问个问题，在一对多的关系中，怎么写sql语句？初学者一枚</div>2019-07-07</li><br/><li><img src="https://static001.geekbang.org/account/avatar/00/16/99/ee/5204b281.jpg" width="30px"><span>Krison</span> 👍（0） 💬（1）<div>我SQL很差，之前订了课程一直没时间学。今天捡起来。这个sql想了很久，总算是想出来了。加油!
SELECT
	CONCAT( &#39;身高级别&#39;, &#39; - &#39;, b.height_level ),
	CONCAT( &#39;球员数量&#39;, &#39; - &#39;, count( b.height_level ) ) 
FROM
	`player` AS a
	LEFT JOIN height_grades AS b ON a.height BETWEEN b.height_lowest 
	AND b.height_highest 
GROUP BY
	b.height_level;
------结果如下------------
身高级别 - A	球员数量 - 18
身高级别 - B	球员数量 - 14
身高级别 - C	球员数量 - 5</div>2019-11-27</li><br/><li><img src="http://thirdwx.qlogo.cn/mmopen/vi_32/QD6bf8hkS5dHrabdW7M7Oo9An1Oo3QSxqoySJMDh7GTraxFRX77VZ2HZ13x3R4EVYddIGXicRRDAc7V9z5cLDlA/132" width="30px"><span>爬行的蜗牛</span> 👍（0） 💬（1）<div>SELECT COUNT(*), h.height_level
   FROM player as p JOIN height_grades as h
   ON p.height BETWEEN h.height_lowest AND h.height_highest
   GROUP BY h.height_level;</div>2019-11-25</li><br/><li><img src="https://static001.geekbang.org/account/avatar/00/13/92/ba/9833f06f.jpg" width="30px"><span>半瓶醋</span> 👍（0） 💬（1）<div># 查询不同身高级别对应的球员数量
SELECT
    h.height_level,
    COUNT(*) AS &#39;球员数量&#39;
FROM player AS p 
JOIN height_grades AS h 
ON height BETWEEN h.height_lowest AND h.height_highest
GROUP BY h.height_level</div>2019-10-23</li><br/><li><img src="https://static001.geekbang.org/account/avatar/00/19/f7/46/209ca424.jpg" width="30px"><span>Coool</span> 👍（0） 💬（1）<div>练习：
SELECT 
    h.height_level, COUNT(*) AS player_num
FROM
    player AS p
        LEFT JOIN
    height_grades AS h ON p.height BETWEEN h.height_lowest AND h.height_highest
GROUP BY h.height_level;</div>2019-10-21</li><br/><li><img src="https://thirdwx.qlogo.cn/mmopen/vi_32/NFpgmsqvyPs8ibTrrrJ24OqoISOVW2aaYESotwl5r5PqhyLuECj6gvJN9SibECg142eyW5S9mebZGdyGzMWS1VtQ/132" width="30px"><span>chenysh38</span> 👍（0） 💬（1）<div>mysql&gt; select count(*), height_level
    -&gt; from player as p, height_grades as h
    -&gt; where p.height between h.height_lowest and h.height_highest
    -&gt; group by height_level
    -&gt; order by height_level;
+----------+--------------+
| count(*) | height_level |
+----------+--------------+
|       18 | A            |
|       14 | B            |
|        5 | C            |
+----------+--------------+
3 rows in set (0.13 sec)</div>2019-09-16</li><br/><li><img src="https://static001.geekbang.org/account/avatar/00/19/00/bb/25a29311.jpg" width="30px"><span>森鱼</span> 👍（0） 💬（1）<div>SELECT h.height AS &#39;身高级别&#39;, COUNT(p.player_id) AS ‘球员数量’ FROM height_grades AS h LEFT JOIN player AS p ON p.height BETWEEN h.height_lowest AND h.height_highest GROUP BY h.height_level</div>2019-09-08</li><br/><li><img src="https://static001.geekbang.org/account/avatar/00/13/6b/8f/eba34b86.jpg" width="30px"><span>星光</span> 👍（0） 💬（1）<div>三个及三个以上的表连接，没有demo吗</div>2019-08-25</li><br/><li><img src="https://static001.geekbang.org/account/avatar/00/12/d6/fa/1f5bf642.jpg" width="30px"><span>未来的胡先森</span> 👍（0） 💬（1）<div>补上作业
select height_level as &#39;身高级别&#39;,count( p.`player_id`) as &#39;球员数量&#39;
from height_grades h
left join player p on p.`height` between h.`height_lowest` and h.`height_highest`
group by h.`height_level`;</div>2019-08-06</li><br/><li><img src="https://static001.geekbang.org/account/avatar/00/15/f7/36/7a6a6b6e.jpg" width="30px"><span>脸红因为风太烫</span> 👍（0） 💬（1）<div>SELECT COUNT(*) AS &#39;人数&#39;, h.height_level
FROM height_grades AS h, player AS a
WHERE a.height BETWEEN h.height_lowest AND h.height_highest
GROUP BY h.height_level</div>2019-07-30</li><br/><li><img src="http://thirdwx.qlogo.cn/mmopen/vi_32/OrfXQWvE0jIuibibw0dnicPM0iaRPXyyGTPicFfmvykUNiaVT7E8PQeqhzct4HhtdnSZvZdPzHmknIv56icPtYOD6Fibsw/132" width="30px"><span>xy</span> 👍（0） 💬（1）<div>课程里面的例子，怎么在单机版上实验？能不能讲下？</div>2019-07-23</li><br/><li><img src="" width="30px"><span>18923814485</span> 👍（0） 💬（2）<div>请问下，为什么这个不对，会多出一条数据来？？
SELECT h.height_level, count(1) num from height_grades h
	LEFT JOIN player p  ON p.height BETWEEN h.height_lowest and h.height_highest
	GROUP BY h.height_level ORDER BY height_level ;</div>2019-07-23</li><br/><li><img src="https://static001.geekbang.org/account/avatar/00/14/2b/84/07f0c0d6.jpg" width="30px"><span>supermouse</span> 👍（0） 💬（1）<div>SELECT 
    COUNT(*), h.height_level
FROM
    player AS p,
    height_grades AS h
WHERE
    p.height BETWEEN h.height_lowest AND h.height_highest
GROUP BY h.height_level</div>2019-07-07</li><br/><li><img src="http://thirdwx.qlogo.cn/mmopen/vi_32/Pk7HVX99cBlSOicLoa8KN8yCKx1pWIyYuy7zxL2ibXicYRFq2ic7LMYiaXMajuQNRZzL4QyuJX6ToRoficsBPlT3Meog/132" width="30px"><span>Yt</span> 👍（0） 💬（1）<div>SELECT height_level,COUNT(height_level)
FROM player JOIN height_grades
ON player.height BETWEEN  height_grades.height_lowest AND height_grades.height_highest
 GROUP BY height_level
ORDER BY height_level;</div>2019-07-07</li><br/><li><img src="https://static001.geekbang.org/account/avatar/00/10/18/ee/a1ed60d1.jpg" width="30px"><span>ABC</span> 👍（0） 💬（1）<div>总结了三点:

1. 我之前在使用join on 的时候有一些误区,一直以为on后面必须是=号连接,学了这两节懂了很多。
2. 同时，以前总是热衷于from player a,height_grades b where a.id=b.playerid 这样连表查询.
3. 在之前也从来没用过自连接。。一直都是子查询，后面我会用自连接替换到子查询,谢谢这个课程，，让我学到了这么多。谢谢老师。

作业答案：

select B.height_level,COUNT(*) from player  a join height_grades b on a.height between b.height_lowest and b.height_highest group by b.height_level

另外老师,啥时候会讲union呢?</div>2019-07-06</li><br/><li><img src="https://static001.geekbang.org/account/avatar/00/12/0f/71/9273e8a4.jpg" width="30px"><span>时间是最真的答案</span> 👍（0） 💬（2）<div>SELECT h.height_level,COUNT(p.player_id) AS num FROM height_grades AS h JOIN player AS p ON p.height BETWEEN h.height_lowest AND h.height_highest GROUP BY h.height_level ;

看到现在，感觉这些都是比较基础的，期待后面优化篇能讲的更深入</div>2019-07-05</li><br/><li><img src="https://static001.geekbang.org/account/avatar/00/13/f1/84/7d21bd9e.jpg" width="30px"><span>Goal</span> 👍（0） 💬（1）<div># 查询身高比格里芬高的球员姓名，匹配中文姓名，最好用模糊匹配
# 子查询
SELECT player_name, height FROM player WHERE height &gt; (SELECT height from player WHERE player_name LIKE &quot;%格里芬%&quot; )
# SQL92
SELECT b.player_name, b.height FROM player as a , player as b WHERE a.player_name LIKE &#39;%格里芬%&#39;  and a.height &lt; b.height
# SQL99
SELECT b.player_name, b.height FROM player as a JOIN player as b WHERE a.player_name LIKE &#39;%格里芬%&#39; and a.height &lt; b.height 

# 如果对上述过程不太理解：可以分开执行，然后，查看每次执行的返回结果：比如
1. SELECT a.player_name, a.height, b.player_name, b.height FROM player as a JOIN player as b
2. SELECT a.player_name, a.height, b.player_name, b.height FROM player as a JOIN player as b WHERE a.player_name LIKE &#39;%格里芬%&#39;
3. SELECT a.player_name, a.height, b.player_name, b.height FROM player as a JOIN player as b WHERE a.player_name LIKE &#39;%格里芬%&#39; and a.height &lt; b.height 


# 思考题：
SELECT h.height_level,COUNT(*) AS height_num FROM height_grades as h JOIN player AS p ON p.height BETWEEN h.height_lowest AND h.height_highest GROUP BY h.height_level</div>2019-07-05</li><br/><li><img src="https://static001.geekbang.org/account/avatar/00/15/aa/a3/0b7f0334.jpg" width="30px"><span>太精</span> 👍（0） 💬（1）<div>SELECT p.height_level, COUNT(*) AS level_counts FROM player AS a JOIN height_grades  AS p ON height BETWEEN p.height_lowest AND p.height_highest GROUP BY p.height_level;
+--------------+--------------+
| height_level | level_counts |
+--------------+--------------+
| A                |                18 |
| B                |                14 |
| C                |                 5 |
+--------------+--------------+
</div>2019-07-05</li><br/><li><img src="https://static001.geekbang.org/account/avatar/00/15/fc/90/c9df0459.jpg" width="30px"><span>ack</span> 👍（0） 💬（1）<div>练习：
SELECT height_level,COUNT(*) FROM height_grades as h JOIN player as p ON p.height BETWEEN h.height_lowest AND h.height_highest GROUP BY height_level;</div>2019-07-05</li><br/><li><img src="https://static001.geekbang.org/account/avatar/00/0f/57/4f/6fb51ff1.jpg" width="30px"><span>奕</span> 👍（7） 💬（0）<div>对于连接执行的顺序，有点不太确定，希望老师讲解下各种连接及相关的关键字 执行的顺序？</div>2019-07-05</li><br/><li><img src="https://static001.geekbang.org/account/avatar/00/16/0d/45/b88a1794.jpg" width="30px"><span>一叶知秋</span> 👍（2） 💬（2）<div>SELECT g.height_level, count(*) 
FROM height_grades as g, player as p 
WHERE p.height 
BETWEEN g.height_lowest AND g.height_highest 
GROUP BY g.height_level;
执行结果：
+--------------+----------+
| height_level | count(*) |
+--------------+----------+
| A            |       18 |
| B            |       14 |
| C            |        5 |
+--------------+----------+
3 rows in set (0.01 sec)

一下午真正追完了~~~~</div>2019-07-05</li><br/><li><img src="https://static001.geekbang.org/account/avatar/00/18/32/82/273a44cd.jpg" width="30px"><span>圆子蛋</span> 👍（2） 💬（2）<div>SELECT h.height_level,COUNT(*) AS num FROM height_grades AS h JOIN player AS p ON p.player_height BETWEEN h.height_lowest AND h.height_highest GROUP BY h.height_level ORDER BY h.height_level ASC</div>2019-07-05</li><br/><li><img src="https://static001.geekbang.org/account/avatar/00/11/04/0d/3dc5683a.jpg" width="30px"><span>柯察金</span> 👍（2） 💬（0）<div>把链接条件写在 join 里面跟写在 where 会有什么不同吗。老师能不能讲一下，工作的时候常常遇到，发现有时候筛选条件放的位置没有影响，有时候又是有两者差别又很大</div>2019-07-05</li><br/>
</ul>