你好，我是俊达。

我们都知道，在关系型数据库中，数据存储在表里面，表由若干个列组成，每个列都有各自的数据类型。MySQL数据库支持一些基本的数据类型，包括串（String）类型、数值类型、日期和时间类型，MySQL新版本还支持一些复杂的数据类型，包括JSON类型、空间数据类型（Spatial Data Types）。

那么，在设计表结构时，应该如何选择每个列的数据类型呢？总体来说，我们需要根据业务的需求来确定数据类型。在这一讲中，我们就来详细聊一聊MySQL中基础数据类型的特点和适用场景，至于复杂的数据类型，这节课先不做太多的讨论。

## 串（String）类型

好，接下来我们就先从串类型开始讲起。

串类型可分为定长类型和变长类型。定长类型又包括 CHAR 和 BINARY，变长类型包括VARCHAR、VARBINARY、TEXT 和 BLOB。下面我们通过一些简单的例子来熟悉一下这些数据类型。

### 字符串类型

#### CHAR(N)

首先是CHAR类型的一些例子。

```go
mysql> create table t_char(a char(10));
Query OK, 0 rows affected (0.01 sec)

mysql> insert into t_char values('  中文符号    ');
Query OK, 1 row affected (0.00 sec)

mysql> select length(a), char_length(a) from t_char;
+-----------+----------------+
| length(a) | char_length(a) |
+-----------+----------------+
|        14 |              6 |
+-----------+----------------+
1 row in set (0.00 sec)


mysql> select a, hex(a), concat('{', a, '}') as aa from t_char;
+------------+------------------------------+--------------+
| a          | hex(a)                       | aa           |
+------------+------------------------------+--------------+
|   中文符号 | 2020E4B8ADE69687E7ACA6E58FB7 | {  中文符号} |
+------------+------------------------------+--------------+
1 row in set (0.00 sec)


mysql> insert into t_char values('0123456789A');
ERROR 1406 (22001): Data too long for column 'a' at row 1


mysql> create table t_char(a char(256))  charset utf8mb4;
ERROR 1074 (42000): Column length too big for column 'a' (max = 255); use BLOB or TEXT instead
```
<div><strong>精选留言（10）</strong></div><ul>
<li><img src="https://static001.geekbang.org/account/avatar/00/28/a1/d8/42252c48.jpg" width="30px"><span>123</span> 👍（2） 💬（2）<div>老师，请教一个问题，文中
mysql&gt; create table t_inno1( -&gt; c01 varchar(768), -&gt; c02 varchar(768), -&gt; c03 varchar(768), -&gt; c04 varchar(768), -&gt; c05 varchar(768), -&gt; c06 varchar(768), -&gt; c07 varchar(768), -&gt; c08 varchar(768), -&gt; c09 varchar(768), -&gt; c10 varchar(768), -&gt; c11 varchar(398) -&gt; ) engine=innodb row_format=compact charset latin1;

当c11设置为varchar(397)的时候，就可以创建成功，本地数据库版本为8.0.29
但是计算了下其实是没有达到8126个字节的，结合下前面可能存在的行首字节分配，应该是（768+2）* 10 + （397 + 2）= 8099个字节
而当c11设置为varchar(398)，也就是8100个字节，也是小于8126个字节，网上所说是ROW_FORMAT=COMPACT的问题，会有额外的开销

请教下老师具体的原因是什么？</div>2024-08-28</li><br/><li><img src="https://static001.geekbang.org/account/avatar/00/23/c4/58/952caade.jpg" width="30px"><span>瑶瑶</span> 👍（1） 💬（1）<div>老师您好，请教个问题，我在项目中的一个表里面 使用mediumtext用来存储json字符串，这个字符一般50KB大小，整个表数据量也就几千行，Spring Boot通过 mybaties 去更新这个字段，经常发生超时 我把java连接mysql超时时间改成38s,　也经常出现更新超时 数据更新不进去
，都是内网连接，不知道需要调整MySQL什么参数 可以解决这个问题，谢谢</div>2024-09-04</li><br/><li><img src="https://static001.geekbang.org/account/avatar/00/24/ee/46/7d65ae37.jpg" width="30px"><span>木几丶</span> 👍（0） 💬（1）<div>引用原文：“InnoDB 存储引擎对行长度也有限制。具体的限制和页面大小有关。对于默认 16K 的页面大小，行长度大致为 8000 多一些（页面大小的一半）”
--------------------------------------------------
老师，这意思是说一页至少要放2行数据，请问MySQL为什么要有这种限制呢？</div>2024-12-19</li><br/><li><img src="https://static001.geekbang.org/account/avatar/00/13/e7/8b/7baca523.jpg" width="30px"><span>吃苹果的考拉</span> 👍（0） 💬（1）<div>t_employee表：emp_name太长，birth_day类型不对，gender太长或者更换类型，address太长，photo不建议在数据库存photo这种blob，charset最好是utf8mb4
t_emp_salary：effect_date类型不对，primary key不用联合索引，因为很可能t_employee和t_emp_salary要关联查询，这种联合索引用不上，charset最好是utf8mb4
另外，t_employee和t_emp_salary的emp_id最好保持同一类型，避免表连接时的类型转换</div>2024-11-26</li><br/><li><img src="https://static001.geekbang.org/account/avatar/00/3c/4a/fe/7b6bd101.jpg" width="30px"><span>笙 鸢</span> 👍（0） 💬（2）<div>-------------------------------------------------------------------------------------------+
| t_inno10 | CREATE TABLE `t_inno10` (
  `c01` varchar(768) DEFAULT NULL,
  `c02` varchar(768) DEFAULT NULL,
  `c03` varchar(768) DEFAULT NULL,
  `c04` varchar(768) DEFAULT NULL,
  `c05` varchar(768) DEFAULT NULL,
  `c06` varchar(768) DEFAULT NULL,
  `c07` varchar(768) DEFAULT NULL,
  `c08` varchar(768) DEFAULT NULL,
  `c09` varchar(768) DEFAULT NULL,
  `c10` varchar(768) DEFAULT NULL,
  `c11` varchar(53333) DEFAULT NULL
) ENGINE=InnoDB DEFAULT CHARSET=latin1 ROW_FORMAT=COMPACT |
老师，我这个是假的innodb表吗？为什么我这个列表数这么大啊</div>2024-09-12</li><br/><li><img src="" width="30px"><span>Geek_8bdefc</span> 👍（0） 💬（1）<div>老师：
文中，smallint unsigned类型的数值范围：[0,32767]好像标错了吧，正确应该是：[0,65535]吧。谢谢</div>2024-09-02</li><br/><li><img src="https://static001.geekbang.org/account/avatar/00/18/24/36/0829cbdc.jpg" width="30px"><span>TheOne</span> 👍（0） 💬（1）<div>老师，请教一个问题，时间字段是用时间戳还是datetime呢，我经历的过的公司两种方式都用过，我感觉用两个都没错，您平常用那个多一些</div>2024-09-02</li><br/><li><img src="https://static001.geekbang.org/account/avatar/00/17/e9/26/472e16e4.jpg" width="30px"><span>Amosヾ</span> 👍（0） 💬（1）<div>思考题中t_employee表gender这种使用 tinyint(1) 后程序根据不同值显示性别，还是直接 enum 类型中设置“男”、“女”比较好？为什么？</div>2024-08-28</li><br/><li><img src="https://static001.geekbang.org/account/avatar/00/28/a1/d8/42252c48.jpg" width="30px"><span>123</span> 👍（0） 💬（1）<div>回答下课后思考题：

[t_employee]
1、emp_name设置过长，姓名可以固定位数
2、birth_day应使用data类型
3、age不必用int，可以使用unsign tinyint
4、gender基本上只会有两种可能，若后续不确定，使用tinyint完全可以，或可以使用char
5、尽量不在数据库中存储照片的二进制，而使用对象存储，防止引用即可

[t_emp_salary]
1、emp_id作为主键最好不要使用varchar，影响查询性能
2、effect_date使用dateTime即可
3、salary使用decimal，float、double会存在计算误差
4、emp_id是不会重复的，完全不需要使用复合主键

另外，请教下老师对于[备注]这类字段，应该设置成多长，正常情况下，这个字段被写入的数据不会太多，或者有些也可能特别多，是否应该换成text，但是text是额外空间，并不在行空间中，是否会影响查询性能</div>2024-08-28</li><br/><li><img src="https://static001.geekbang.org/account/avatar/00/3c/4e/44/49b29792.jpg" width="30px"><span>Geek_0126</span> 👍（0） 💬（1）<div>我们系统用 varchar(20) 来存储电话号码

那两张员工表字段类型使用有很多错误，改进方案：
1.varchar类型按需设置 并尽量设为 not null
2.日期字段改为使用date或datetime类型
3.age年龄 可用tinyint，或者不要此字段 
4.不要在数据库中存储大对象
5.emp_id类型两个表不一致，建议都用int类型
6.薪资建议用更精确的decimal类型</div>2024-08-28</li><br/>
</ul>